student_name	total_time	lap_1_duration	lap_1_cumulative	lap_2_duration	lap_2_cumulative	lap_3_duration	lap_3_cumulative
Ayush Shrestha	00:00:09.940000	00:00:03.580000	00:00:03.580000	00:00:02.910000	00:00:06.500000	00:00:03.010000	00:00:09.510000
Riya Thakur	00:00:13.860000	00:00:04.180000	00:00:04.180000	00:00:03.170000	00:00:07.360000	00:00:03.090000	00:00:10.450000
Vikash Subedi	00:00:12.440000	00:00:03.510000	00:00:03.510000	00:00:03.580000	00:00:07.090000	00:00:03.810000	00:00:10.900000
Yogesh Acharya	00:00:13.930000	00:00:04.740000	00:00:04.740000	00:00:03.390000	00:00:08.140000	00:00:03.340000	00:00:11.480000
Oyesh Amatya	00:00:13.170000	00:00:02.810000	00:00:02.810000	00:00:04.310000	00:00:07.120000	00:00:03.820000	00:00:10.940000
